{
    "auto_reveal": false                 // When autoreveal is enabled it syncs the sidebar with the selected file
    , "caret_blink_rate": 700
    , "caret_width": 2
    , "char_groups": "./\\()\"'-:,.;<>~!@#$%^&*|+=[]{}`~?"
    , "extra_line_spacing": 0
    , "font": "Monospace"
    , "font_size": 12
    , "indent_size": 4
    , "smart_tab": true
//    , "line_seperator_pen": " #aaaaaa; 1.5; dashed" // we need to figure out a good format for this

    , "show_caret_offset": true
    , "theme": "Monokai"
    , "undo_group_per_space": true
    , "use_line_seperator": false
    , "use_tab": true
    , "whitespaces": "\n\t "
    , "witespace_without_newline": "\t "
    , "scroll_past_end": false
}
